category,colors,description,price,sizes,title,url
"Home,>,Clothing,>,Tops and Blouses,>,Bow Sleeve Top","Black ,Winter White ","Pretty bow ties give our slit-sleeve top a fresh and feminine twist. Jewel neck. Slit short sleeves with bow ties., , , Relaxed fit , , Hits at hip , , , 25"" long , , Available in: Black, White, , ,Fabric & Care, , , 95% Polyester, 5% Spandex , , , Machine Washable , , , Imported , ",ILS278.80,"XXS ,XS ,S ,M ,L ,XL ,XXL ",Bow Sleeve Top,https://www.anntaylor.com/bow-sleeve-top/488818
"Home,>,Clothing,>,Pants,>,The Wide Leg Marina Pant","Black ,Pearl Tan ,Winter White ","In a flattering cropped length, this refined pair always makes the smartest splash. A classic fit with an elegant, of-the-moment leg shape. Front zip with button closure. Front on-seam pockets. Back welt pockets., , Available in: Black, Neutral, White, , ,Fabric & Care, , , 92% Cotton, 8% Elastane , , , Machine Washable , , , Imported , ",ILS459.30,"00 ,0 ,2 ,4 ,6 ,8 ,10 ,12 ,14 ,16 ,18 ",The Wide Leg Marina Pant,https://www.anntaylor.com/the-wide-leg-marina-pant/490013
"Home,>,Clothing,>,Pants,>,The Wide Leg Marina Pant","Black ,Pearl Tan ,Winter White ","In a flattering cropped length, this refined pair always makes the smartest splash. A classic fit with an elegant, of-the-moment leg shape. Front zip with button closure. Front on-seam pockets. Back welt pockets., , Available in: Black, Neutral, White, , ,Fabric & Care, , , 92% Cotton, 8% Elastane , , , Machine Washable , , , Imported , ",459.30,"00 ,0 ,2 ,4 ,6 ,8 ,10 ,12 ,14 ,16 ,18 ",The Wide Leg Marina Pant,https://www.anntaylor.com/the-wide-leg-marina-pant/490013
"Home,>,Clothing,>,Pants,>,The Wide Leg Marina Pant","Black ,Pearl Tan ,Winter White ","In a flattering cropped length, this refined pair always makes the smartest splash. A classic fit with an elegant, of-the-moment leg shape. Front zip with button closure. Front on-seam pockets. Back welt pockets., , Available in: Black, Neutral, White, , ,Fabric & Care, , , 92% Cotton, 8% Elastane , , , Machine Washable , , , Imported , ",459.30,"00 ,0 ,2 ,4 ,6 ,8 ,10 ,12 ,14 ,16 ,18 ",The Wide Leg Marina Pant,https://www.anntaylor.com/the-wide-leg-marina-pant/490013
">,Home,>,Accessories,>,Accessories View All,>,Short Sleeve Sweater","Pink Dust ,Silver Lake Grey ,Black , Blurred Teal - Online Exclusive ,Winter White ","Our crew neck sweater fits and layers beautifully, making it a year-round essential for your wardrobe. Crew neck. Short sleeves. Ribbed neckline, cuffs and hem., , , Tailored fit , , Hits at hip , , , 24"" long , , Available in: Black, Blue, Grey, Pink, White, , ,Fabric & Care, , , 62% Viscose, 34% Nylon, 4% Spandex , , , Machine Washable , , , Imported , ",ILS325.70,"XXS ,XS ,S ,M ,L ,XL ,XXL ",Short Sleeve Sweater,https://www.anntaylor.com/short-sleeve-sweater/496258
"Home,>,Clothing,>,Sweaters,>,Short Sleeve Sweater","Pink Dust ,Silver Lake Grey ,Black , Blurred Teal - Online Exclusive ,Winter White ","Our crew neck sweater fits and layers beautifully, making it a year-round essential for your wardrobe. Crew neck. Short sleeves. Ribbed neckline, cuffs and hem., , , Tailored fit , , Hits at hip , , , 24"" long , , Available in: Black, Blue, Grey, Pink, White, , ,Fabric & Care, , , 62% Viscose, 34% Nylon, 4% Spandex , , , Machine Washable , , , Imported , ",325.70,"XXS ,XS ,S ,M ,L ,XL ,XXL ",Short Sleeve Sweater,https://www.anntaylor.com/short-sleeve-sweater/496258
"Home,>,Clothing,>,Sweaters,>,Short Sleeve Sweater","Pink Dust ,Silver Lake Grey ,Black , Blurred Teal - Online Exclusive ,Winter White ","Our crew neck sweater fits and layers beautifully, making it a year-round essential for your wardrobe. Crew neck. Short sleeves. Ribbed neckline, cuffs and hem., , , Tailored fit , , Hits at hip , , , 24"" long , , Available in: Black, Blue, Grey, Pink, White, , ,Fabric & Care, , , 62% Viscose, 34% Nylon, 4% Spandex , , , Machine Washable , , , Imported , ",ILS325.70,"XXS ,XS ,S ,M ,L ,XL ,XXL ",Short Sleeve Sweater,https://www.anntaylor.com/short-sleeve-sweater/496258
"Home,>,Clothing,>,Sweaters,>,Short Sleeve Sweater","Pink Dust ,Silver Lake Grey ,Black , Blurred Teal - Online Exclusive ,Winter White ","Our crew neck sweater fits and layers beautifully, making it a year-round essential for your wardrobe. Crew neck. Short sleeves. Ribbed neckline, cuffs and hem., , , Tailored fit , , Hits at hip , , , 24"" long , , Available in: Black, Blue, Grey, Pink, White, , ,Fabric & Care, , , 62% Viscose, 34% Nylon, 4% Spandex , , , Machine Washable , , , Imported , ",325.70,"XXS ,XS ,S ,M ,L ,XL ,XXL ",Short Sleeve Sweater,https://www.anntaylor.com/short-sleeve-sweater/496258
"Home,>,Clothing,>,Sweaters,>,Short Sleeve Sweater","Pink Dust ,Silver Lake Grey ,Black , Blurred Teal - Online Exclusive ,Winter White ","Our crew neck sweater fits and layers beautifully, making it a year-round essential for your wardrobe. Crew neck. Short sleeves. Ribbed neckline, cuffs and hem., , , Tailored fit , , Hits at hip , , , 24"" long , , Available in: Black, Blue, Grey, Pink, White, , ,Fabric & Care, , , 62% Viscose, 34% Nylon, 4% Spandex , , , Machine Washable , , , Imported , ",325.70,"XXS ,XS ,S ,M ,L ,XL ,XXL ",Short Sleeve Sweater,https://www.anntaylor.com/short-sleeve-sweater/496258
"Home,>,Clothing,>,Sweaters,>,Short Sleeve Sweater","Pink Dust ,Silver Lake Grey ,Black , Blurred Teal - Online Exclusive ,Winter White ","Our crew neck sweater fits and layers beautifully, making it a year-round essential for your wardrobe. Crew neck. Short sleeves. Ribbed neckline, cuffs and hem., , , Tailored fit , , Hits at hip , , , 24"" long , , Available in: Black, Blue, Grey, Pink, White, , ,Fabric & Care, , , 62% Viscose, 34% Nylon, 4% Spandex , , , Machine Washable , , , Imported , ",ILS325.70,"XXS ,XS ,S ,M ,L ,XL ,XXL ",Short Sleeve Sweater,https://www.anntaylor.com/short-sleeve-sweater/496258
"Home,>,Clothing,>,Sweaters,>,Mock Neck Sweater Shell","Black ,Royal Azure ,Winter White , Powdered Cerulean - Online Exclusive ","Topped with a sleek mock neck, this fitted sweater shell styles effortlessly - season after season. Mock neck. Sleeveless., , , Tailored fit , , Hits at hip , , , 24"" long , , Available in: Black, Blue, White, , ,Fabric & Care, , , 100% Nylon , , , Machine Washable , , , Imported , ",278.80,"XXS ,XS ,S ,M ,L ,XL ,XXL ",Mock Neck Sweater Shell,https://www.anntaylor.com/mock-neck-sweater-shell/487937
"Home,>,Clothing,>,Sweaters,>,Mock Neck Sweater Shell","Black ,Royal Azure ,Winter White , Powdered Cerulean - Online Exclusive ","Topped with a sleek mock neck, this fitted sweater shell styles effortlessly - season after season. Mock neck. Sleeveless., , , Tailored fit , , Hits at hip , , , 24"" long , , Available in: Black, Blue, White, , ,Fabric & Care, , , 100% Nylon , , , Machine Washable , , , Imported , ",278.80,"XXS ,XS ,S ,M ,L ,XL ,XXL ",Mock Neck Sweater Shell,https://www.anntaylor.com/mock-neck-sweater-shell/487937
"Home,>,Clothing,>,Sweaters,>,Mock Neck Sweater Shell","Black ,Royal Azure ,Winter White , Powdered Cerulean - Online Exclusive ","Topped with a sleek mock neck, this fitted sweater shell styles effortlessly - season after season. Mock neck. Sleeveless., , , Tailored fit , , Hits at hip , , , 24"" long , , Available in: Black, Blue, White, , ,Fabric & Care, , , 100% Nylon , , , Machine Washable , , , Imported , ",278.80,"XXS ,XS ,S ,M ,L ,XL ,XXL ",Mock Neck Sweater Shell,https://www.anntaylor.com/mock-neck-sweater-shell/487937
"Home,>,Accessories,>,Scarves,>,Shimmer Border Scarf","Pearl Tan ,Powdered Cerulean ","Bordered with shimmery stripes, this softly textured scarf brightens any look. Light fringe at ends. 40"" x 80""., , Available in: Blue, Neutral, , ,Fabric & Care, , , 80% Polyester, 15% Wool, 5% Other fibers , , , Hand Wash, Line Dry , , , Imported , ",ILS278.80,,Shimmer Border Scarf,https://www.anntaylor.com/shimmer-border-scarf/500116
"Home,>,Accessories,>,Belts,>,Scalloped Belt","Night Sky ,Spring Azalea ,Natural ","Our polished belt features a prettily scalloped design that gives it a romantic edge. 1"" width., , Available in: Blue, Neutral, Pink, , ,Fabric & Care, , , Faux Leather , , , Imported , ",232.00,,Scalloped Belt,https://www.anntaylor.com/scalloped-belt/501032
"Home,>,Accessories,>,Handbags,>,Pochette Camera Bag","Black , White - Online Exclusive ","Our luxe camera bag has a beautifully constructed design that nests a smaller pouch within, providing two accessories in one. Zip top closure. Shoulder strap. Outer side pocket. Fabric lined interior. 9""W x 6 1/2""H x 3""D. Removable zip top pouch., , Available in: Black, White, , ,Fabric & Care, , , Faux Leather , , , Imported , ",ILS459.30,,Pochette Camera Bag,https://www.anntaylor.com/pochette-camera-bag/486436
"Home,>,Accessories,>,Sunglasses & Readers,>,Cateye Sunglasses","Black ,Tortoise Brown ,African Cocoa ,Shaded Rose ","One of our most flattering frames, these cateye sunglasses have it made in the shade. 100% UV protection. California Proposition 65 , , Available in: Black, Brown, Neutral, Pink, , ,Fabric & Care, , , N/A , , , Imported , ",ILS224.90,,Cateye Sunglasses,https://www.anntaylor.com/cateye-sunglasses/464695
"Home,>,Shoes,>,All Shoes,>,Althea Suede Bow Flats","True Navy ,Serena Pink ","A feminine bow adds a refined twist to our buttery-soft suede flats. Pointy toe. Padded footbed for complete comfort. 1/2"" heel., , Available in: Blue, Pink, , ,Fabric & Care, , , Kid Suede , , , Imported , ",599.80,,Althea Suede Bow Flats,https://www.anntaylor.com/althea-suede-bow-flats/494504
"Home,>,Clothing,>,Jeans,>,Tulip Hem Performance Stretch Skinny Ankle Jeans",Mid Stone Wash ,"Here’s the skinny: your favorite jeans just got a major upgrade. Maximum stretch and recovery. Our most flattering fit. Looks as good at 9 P.M. as it did at 9 A.M. (A.K.A., it doesn’t stretch out). Specially designed with LYCRA® to help smooth your silhouette for comfort and freedom of movement, as well as modal and tencel for a super soft feel. Front zip with button closure. Belt loops. Classic five-pocket styling., , , Modern fit: lean through the hip and thigh , , 10 1/4"" rise with 27 1/2"" inseam , , , 10 1/4"" rise with 27 1/2"" inseam, measured from a size 8 , , Available in: Blue, , ,Fabric & Care, , , 61% Cotton, 16% Modal, 14% Lyocell, 7% Polyester, 2% Elastane , , , Machine Washable , , , Imported , ",ILS510.80,"00 ,0 ,2 ,4 ,6 ,8 ,10 ,12 ,14 ,16 ,18 ",Tulip Hem Performance Stretch Skinny Ankle Jeans,https://www.anntaylor.com/tulip-hem-performance-stretch-skinny-ankle-jeans/495578
"Home,>,Clothing,>,Jackets,>,Fringe Tweed Jacket",Pink Multi ,"Tweed shows its edgier side in this multicolored jacket, revved up with fringy details. Jewel neck. Long sleeves. Front hook-and-eye closure. On-seam flap welt pockets. Lined., , , 22"" long , , Available in: Pink, , ,Fabric & Care, , , Shell: 97% Polyester, 3% Other fibers, Lining: 100% Polyester , , , Machine Washable , , , Imported , ",ILS745.10,"00 ,0 ,2 ,4 ,6 ,8 ,10 ,12 ,14 ,18 ",Fringe Tweed Jacket,https://www.anntaylor.com/fringe-tweed-jacket/488753
"Home,>,Accessories,>,Jewelry,>,Mother Of Pearl Flower Stud Earrings","Gold ,Silver ","Encircled with brilliant pave, our iridescent mother-of-pearl studs are lustrous and sparkling all at once. Post back. 1/2"" width., , Available in: Gold, Silver, , ,Fabric & Care, , , Imported , ",ILS138.20,,Mother Of Pearl Flower Stud Earrings,https://www.anntaylor.com/mother-of-pearl-flower-stud-earrings/497113
"Home,>,Shoes,>,All Shoes,>,Shreya Scalloped Suede Flats","Black ,Bright Flamingo , Spiced Chai - Online Exclusive ","Scalloped edging adds a feminine twist to these style standouts, designed in rich suede. Pointy toe. Padded footbed for complete comfort. 1/2"" heel., , Available in: Black, Gold, Pink, , ,Fabric & Care, , , Kid Suede , , , Imported , ",ILS553,,Shreya Scalloped Suede Flats,https://www.anntaylor.com/shreya-scalloped-suede-flats/494502
"Home,>,Clothing,>,Shorts,>,Walking Shorts",White ,"Our longest shorts always step things up in style. Refined in crisp cotton, our walking shorts have a touch of stretch for an endlessly flattering fit. Front zip with double hook-and-bar closure. Belt loops. Front off-seam pockets. Back welt pockets. Side slits., , , 11"" inseam , , Available in: White, , ,Fabric & Care, , , 87% Cotton, 3% Spandex , , , Machine Washable , , , Imported , ",ILS229.60,"00 ,0 ,2 ,4 ,6 ,8 ,10 ,12 ,14 ,16 ,18 ",Walking Shorts,https://www.anntaylor.com/walking-shorts/485557
"Home,>,Accessories,>,Jewelry,>,Floral Statement Earrings",Night Sky ,"Make a standout statement with our floral drops, fanned with polished beads and sparkling pave. Post back. 1 1/4"" drop., , Available in: Blue, , ,Fabric & Care, , , Imported , ",ILS278.80,,Floral Statement Earrings,https://www.anntaylor.com/floral-statement-earrings/497116
"Home,>,Accessories,>,Jewelry,>,Rope Textured Metal Bracelet",Gold ,"Braided rope texture adds a fashion forward twist to this brightly polished collar. 1 1/4"" width., , Available in: Gold, , ,Fabric & Care, , , Imported , ",232.00,,Rope Textured Metal Bracelet,https://www.anntaylor.com/rope-textured-metal-bracelet/497080
"Home,>,Accessories,>,Jewelry,>,Rope Metal Hoop Earrings", Gold - Online Exclusive ,"Braided rope texture adds a fashion forward twist to these brightly polished hoops. Post back. 3/4"" diameter., , Available in: Gold, , ,Fabric & Care, , , Imported , ",ILS185.10,,Rope Metal Hoop Earrings,https://www.anntaylor.com/rope-metal-hoop-earrings/496987
"Home,>,Clothing,>,Sweaters,>,Ann Shell","Black ,White , Pink Dust - Online Exclusive , Pure Fuchsia - Online Exclusive ","Meet our instant wardrobe icon, the Ann Shell. Tailored in a soft knit, our signature favorite comes in an array of rich colors and patterns. Crew neck. Sleeveless., , , Tailored fit , , Hits at hip , , , 22"" long , , Available in: Black, Pink, White, , ,Fabric & Care, , , 55% Cotton, 25% Modal , , , Machine Washable , , , Imported , ",ILS232,,Ann Shell,https://www.anntaylor.com/ann-shell/487830
"Home,>,Clothing,>,Sweaters,>,Ann Cardigan","Night Sky ,Black ,Pure Fuchsia ,White ,Pink Dust ,Mountain Lavender , Intense Lava - Online Exclusive , Icy Grey Heather - Online Exclusive , Winter White - Online Exclusive ","Meet our instant wardrobe icon, the Ann Cardigan. Tailored in a soft knit, our signature favorite comes in an array of rich colors and patterns. Crew neck. Long sleeves. Button front. Ribbed cuffs and hem., , , Tailored fit , , Hits at hip , , , 23"" long , , Available in: Black, Blue, Grey, Pink, Purple, Red, White, , ,Fabric & Care, , , 55% Cotton, 25% Modal, 20% Polyester , , , Machine Washable , , , Imported , ",325.70,"XXS ,XS ,S ,M ,L ,XL ,XXL ",Ann Cardigan,https://www.anntaylor.com/ann-cardigan/474835
"Home,>,Accessories,>,Belts,>,Scalloped Belt","Night Sky ,Spring Azalea ,Natural ","Our polished belt features a prettily scalloped design that gives it a romantic edge. 1"" width., , Available in: Blue, Neutral, Pink, , ,Fabric & Care, , , Faux Leather , , , Imported , ",ILS232,,Scalloped Belt,https://www.anntaylor.com/scalloped-belt/501032
"Home,>,Accessories,>,Sunglasses & Readers,>,Spring Round Sunglasses","Delicate Ecru ,Urban Blue ","With clean rounded frames, this modern pair earns a place in the sun. 100% UV protection. If you are shipping this item to California, see , , Available in: Blue, Ivory, , ,Fabric & Care, , , N/A , , , Imported , ",ILS224.90,,Spring Round Sunglasses,https://www.anntaylor.com/spring-round-sunglasses/494860
"Home,>,Accessories,>,Handbags,>,Pochette Camera Bag","Black , White - Online Exclusive ","Our luxe camera bag has a beautifully constructed design that nests a smaller pouch within, providing two accessories in one. Zip top closure. Shoulder strap. Outer side pocket. Fabric lined interior. 9""W x 6 1/2""H x 3""D. Removable zip top pouch., , Available in: Black, White, , ,Fabric & Care, , , Faux Leather , , , Imported , ",ILS459.30,,Pochette Camera Bag,https://www.anntaylor.com/pochette-camera-bag/486436
"Home,>,Shoes,>,All Shoes,>,Carson Suede Tassel Pumps",Black ,"From the refined tassels to the sensationally strappy silhouette, this rich suede pair steps up your look. Pointy toe. Padded footbed for comfort. 3"" heel., , Available in: Black, , ,Fabric & Care, , , Kid Suede , , , Imported , ",ILS693.60,,Carson Suede Tassel Pumps,https://www.anntaylor.com/carson-suede-tassel-pumps/397114
"Home,>,Clothing,>,Dresses,>,Herringbone Peplum Sheath Dress",Black Multi ,"Designed in wave-making herringbone, our textured peplum sheath dress knows how to flatter. Jewel neck. Sleeveless. Peplum waist with back slit. Hidden back zipper with hook-and-eye closure. Back vent. Lined., , , Soft & stretchy fit , , Hits at knee , , , 23 1/2"" from natural waist , , Available in: Black, Grey, , ,Fabric & Care, , , Shell: 70% Polyester, 28% Rayon, 2% Spandex, Lining: 100% Polyester , , , Machine Washable , , , Imported , ",ILS651.40,"00 ,0 ,2 ,4 ,6 ,8 ,10 ,12 ,14 ,16 ,18 ",Herringbone Peplum Sheath Dress,https://www.anntaylor.com/herringbone-peplum-sheath-dress/498198
"Home,>,Accessories,>,Jewelry,>,Navy Enamel Bracelet", Night Sky - Online Exclusive ,"Our glossy enamel bangle is anchored with glittery crystals, for a perfect pairing of sparkle and shine. 1/3"" width., , Available in: Blue, , ,Fabric & Care, , , Imported , ","ILS187.40,ILS234.30,ILS140.50,ILS140.50,ILS187.40,ILS187.40,ILS140.50,ILS234.30,ILS93.70,ILS187.40,ILS234.30,ILS140.50,ILS187.40,ILS140.50,ILS351.40,ILS187.40,ILS93.70,ILS233.80,ILS140,ILS234.30,ILS187.40,ILS140.50,ILS351.40,ILS187.40",,Navy Enamel Bracelet,https://www.anntaylor.com/navy-enamel-bracelet/498652
"Home,>,Shoes,>,All Shoes,>,Mila Suede Bow Pumps","True Navy ,Iced Slate , Azure Breeze - Online Exclusive ","Crafted in buttery soft suede, these bow-topped pumps tie it all together with a feminine finish. Pointy toe. Padded footbed for complete comfort. Covered 3 1/2"" heel., , Available in: Blue, Grey, , ,Fabric & Care, , , Kid Suede , , , Imported , ",ILS646.70,,Mila Suede Bow Pumps,https://www.anntaylor.com/mila-suede-bow-pumps/494496
"Home,>,Clothing,>,Dresses,>,Striped Tie Neck Knit Shirtdress",Night Sky ,"Any way you tie it, our striped knit shirtdress is the answer to around-the-clock ease. V-neck with ties. Long sleeves with button cuffs. Button front placket. Elasticized waist., , , Soft & stretchy fit , , Hits at knee , , , 22"" from natural waist , , Available in: Blue, , ,Fabric & Care, , , 95% Polyester, 5% Spandex , , , Machine Washable , , , Imported , ",ILS604.50,"XXS ,XS ,S ,M ,L ,XL ,XXL ",Striped Tie Neck Knit Shirtdress,https://www.anntaylor.com/striped-tie-neck-knit-shirtdress/497382
"Home,>,Accessories,>,Jewelry,>,Marbleized Statement Hoop Earrings","Icy Grey ,Winter White ","Polished off with a beautifully flecked finish, our marbleized hoop earrings round out your look. 2"" width., , Available in: Grey, White, , ,Fabric & Care, , , Imported , ",ILS232,,Marbleized Statement Hoop Earrings,https://www.anntaylor.com/marbleized-statement-hoop-earrings/500611
"Home,>,Clothing,>,Suits,>,The Straight Leg Pant In Windowpane",Blue Plaid ,"The perfect wear-with-all pants - done in windowpane with a touch of stretch for a refined, streamlined fit. Front zip with double hook-and-bar closure. Belt loops. Front off-seam pockets. Back besom pockets., , , Straight leg: tailored and full-length , , Modern fit: lean through the hip and thigh , , , 31"" inseam , , Available in: Blue, , ,Fabric & Care, , , 69% Polyester, 29% Rayon, 2% Spandex , , , Machine Washable , , , Imported , ",ILS510.80,,The Straight Leg Pant In Windowpane,https://www.anntaylor.com/the-straight-leg-pant-in-windowpane/484167
"Home,>,Clothing,>,Tops and Blouses,>,Striped Tie Neck Blouse",Night Sky ,"Any way you style it, our tie neck blouse is poised and polished. V-neck with ties. Long sleeves with button cuffs. Shirttail hem., , , 27 1/2"" long , , Classic: an easy, body-skimming fit , , Available in: Blue, , ,Fabric & Care, , , 100% Polyester , , , Machine Washable , , , Imported , ",ILS419.40,"XXS ,XS ,S ,M ,L ,XL ,XXL ",Striped Tie Neck Blouse,https://www.anntaylor.com/striped-tie-neck-blouse/500371
"Home,>,Accessories,>,Scarves,>,Pleated Pearlized Scarf",Night Sky ,"Pearlized beads bring beautifully polished detail to this finely pleated scarf. 40"" x 70""., , Available in: Blue, , ,Fabric & Care, , , 100% Polyester , , , Hand Wash, Line Dry , , , Imported , ",ILS278.80,,Pleated Pearlized Scarf,https://www.anntaylor.com/pleated-pearlized-scarf/498643
"Home,>,Clothing,>,Suits,>,The Trouser In Glen Plaid",Black / White ,"The perfect wear-with-all pants - made in glen plaid fabric for a refined, streamlined fit. Front zip with double hook-and-bar closure. Belt loops. Front off-seam pockets. Back besom pockets., , , Trouser: tailored and full-length , , Modern fit: lean through the hip and thigh , , , 33"" inseam , , Available in: Black, , ,Fabric & Care, , , 63% Polyester, 34% Viscose, 3% Elastane , , , Machine Washable , , , Imported , ",510.80,"00 ,0 ,2 ,4 ,6 ,8 ,10 ,12 ,14 ,16 ,18 ",The Trouser In Glen Plaid,https://www.anntaylor.com/the-trouser-in-glen-plaid/493899
"Home,>,Clothing,>,Sweaters,>,Square Neck Elbow Sleeve Sweater","Night Sky , Azure Breeze - Online Exclusive ","Modernized with a square neckline, this refined knit styles one of our new favorite silhouettes. Square neck. Elbow sleeves., , , Tailored Fit , , Hits at hip , , , 23"" long , , Available in: Blue, , ,Fabric & Care, , , Exclusive of Decoration , , , Machine Washable , , , Imported , ",ILS372.60,,Square Neck Elbow Sleeve Sweater,https://www.anntaylor.com/square-neck-elbow-sleeve-sweater/497765
"Home,>,Clothing,>,Sweaters,>,Cropped Open Cardigan"," Light Grey Heather - Online Exclusive , Khaki Moss - Online Exclusive ","Perfect for layering, our open cardigan freshens your wardrobe with a cropped cut and season-perfect palette. Open front. 3/4 sleeves. Ribbed neckline, cuffs and hem., , , Tailored Fit , , Hits at waist , , , 19 1/2"" long , , Available in: Beige, Green, Grey, , ,Fabric & Care, , , 51% Acrylic, 49% Wool , , , Machine Washable , , , Imported , ",ILS325.70,,Cropped Open Cardigan,https://www.anntaylor.com/cropped-open-cardigan/498057
"Home,>,Accessories,>,Jewelry,>,Mother Of Pearl Flower Station Necklace","Gold ,Silver ","Stations of shimmery mother-of-pearl discs add iridescent luster to any ensemble. 40"" length., , Available in: Gold, Silver, , ,Fabric & Care, , , Imported , ",ILS232,,Mother Of Pearl Flower Station Necklace,https://www.anntaylor.com/mother-of-pearl-flower-station-necklace/497088
"Home,>,Clothing,>,Suits,>,Petite Sharkskin Split Neck Sheath Dress", Iced Slate - Online Exclusive ,"Cut from seasonless sharkskin that flatters in all the right places, we turn to this must-have for a perfect fit - day to night. Split neck. Sleeveless. Hidden back zipper with hook-and-eye closure. Back vent. Lined., , , Tailored fit , , Hits at knee , , , 22"" from natural waist , , Available in: Grey, , ,Fabric & Care, , , Shell: 69% Polyester, 29% Viscose, 2% Spandex, Lining: 100% Polyester , , , Machine Washable , , , Imported , ",ILS604.50,"00 ,0 ,2 ,4 ,6 ,8 ,10 ,12 ,14 ,16 ",Petite Sharkskin Split Neck Sheath Dress,https://www.anntaylor.com/petite-sharkskin-split-neck-sheath-dress/495975
"Home,>,Accessories,>,Jewelry,>,Two Tone Necklace",Night Sky ,"One of our most polished extras, our two-tone necklace shines with modern color play. Lobster claw. 18"" length with 2"" extender., , Available in: Blue, , ,Fabric & Care, , , Imported , ",ILS325.70,,Two Tone Necklace,https://www.anntaylor.com/two-tone-necklace/496915
"Home,>,Clothing,>,Sweaters,>,Cashmere Shell"," Flamenco Red - Online Exclusive , Countryside Blue - Online Exclusive , Purple Tinit - Online Exclusive ","A timeless silhouette in rich hues, our soft and refined cashmere shell is a wardrobe must-have. Jewel neck. Sleeveless. Ribbed neckline and hem., , , Tailored fit , , Hits at hip , , , 23 1/4"" long , , Available in: Blue, Purple, Red, , ,Fabric & Care, , , 100% Cashmere , , , Hand Wash, Lay Flat to Dry , , , Imported , ",ILS698.30,,Cashmere Shell,https://www.anntaylor.com/cashmere-shell/494194
"Home,>,Accessories,>,Jewelry,>,Crystal Stone Station Necklace","Pink Dust ,Aquifer ","Luminous stones alternate with glittering crystals for a perfectly polished pairing. 32"" long., , Available in: Blue, Pink, , ,Fabric & Care, , , Imported , ",ILS232,,Crystal Stone Station Necklace,https://www.anntaylor.com/crystal-stone-station-necklace/496923
"Home,>,Clothing,>,Suits,>,The Petite Long 2-Button Blazer in Seasonless Stretch"," Perfect Navy - Online Exclusive , Black - Online Exclusive ","Designed to wear anywhere, anytime, any way you like, this ready-to-wear blazer is made with our endlessly flattering all-season stretch fabric. Notched lapel. Long button-open sleeves allow for versatility in styling. Two-button front. Front besom pockets. Back vent. Lined., , , 24"" long , , Available in: Black, Blue, , ,Fabric & Care, , , Shell: 48% Polyester, 48% Rayon, 4% Spandex, Body Lining: 100% Polyester, Sleeve Lining:95% Polyester, 5% Spandex , , , Machine Washable , , , Imported , ","ILS792,ILS702.90,ILS514.90,ILS702.90,ILS514.90","00 ,0 ,2 ,4 ,6 ,8 ,10 ,12 ,14 ,16 ",The Petite Long 2-Button Blazer in Seasonless Stretch,https://www.anntaylor.com/the-petite-long-2-button-blazer-in-seasonless-stretch/492677
"Home,>,Shoes,>,All Shoes,>,Fayre Floral Suede Flats",Black ,"Our rich suede flats work the bloom, with petal-perfect detail at the toe. Pointy toe. Padded footbed for complete comfort. 1/2"" heel., , Available in: Black, , ,Fabric & Care, , , Kid Suede , , , Imported , ",646.70,,Fayre Floral Suede Flats,https://www.anntaylor.com/fayre-floral-suede-flats/494498
"Home,>,Clothing,>,Suits,>,The Petite 1-Button Blazer in Sharkskin", Iced Slate - Online Exclusive ,"Worn head-to-toe or mix-and-matched, our impeccably tailored sharkskin blazer is a suiting essential you'll wear season after season. Notched lapel. Long button-open sleeves allow for versatility in styling. One button front. Angled welt chest pocket. Front flap besom pockets. Back vent. Lined., , , Tailored fit , , Hits at hip , , , 22"" long , , Available in: Grey, , ,Fabric & Care, , , Shell: 69% Polyester, 29% Rayon, 2% Spandex, Body Lining: 100% Polyester, Sleeve Lining: 95% Polyester, 5% Spandex , , , Machine Washable , , , Imported , ","ILS792,ILS702.90,ILS702.90,ILS702.90,ILS702.90","00 ,0 ,2 ,4 ,6 ,8 ,10 ,12 ,14 ,16 ",The Petite 1-Button Blazer in Sharkskin,https://www.anntaylor.com/the-petite-1-button-blazer-in-sharkskin/495974
"Home,>,Shoes,>,All Shoes,>,Mila Suede Bow Pumps","True Navy ,Iced Slate , Azure Breeze - Online Exclusive ","Crafted in buttery soft suede, these bow-topped pumps tie it all together with a feminine finish. Pointy toe. Padded footbed for complete comfort. Covered 3 1/2"" heel., , Available in: Blue, Grey, , ,Fabric & Care, , , Kid Suede , , , Imported , ",ILS646.70,,Mila Suede Bow Pumps,https://www.anntaylor.com/mila-suede-bow-pumps/494496
"Home,>,Shoes,>,All Shoes,>,Kerry Leather Slingback Pumps", Eastern Camel - Online Exclusive ,"Step up your style game with these refined leather slingbacks, finished with slim straps and a pointy toe for perfect polish. Pointy toe. Padded footbed for complete comfort. Covered 2 3/4"" heel., , Available in: Neutral, , ,Fabric & Care, , , Leather , , , Imported , ",599.80,,Kerry Leather Slingback Pumps,https://www.anntaylor.com/kerry-leather-slingback-pumps/494484
"Home,>,Accessories,>,Jewelry,>,Oval Knot Pendant Necklace",Gold ,"Brightly polished, our oval knot pendant adds a modern twist that rounds out your look. 30"" length., , Available in: Gold, , ,Fabric & Care, , , Imported , ",ILS232,,Oval Knot Pendant Necklace,https://www.anntaylor.com/oval-knot-pendant-necklace/496997
"Home,>,Shoes,>,All Shoes,>,Kerry Polka Dot Leather Slingback Pumps",Black ,"Topped in textured polka dot fabric, this sleek leather pair is always spot on. Padded footbed for complete comfort. 3"" heel., , Available in: Black, , ,Fabric & Care, , , Leather , , , Imported , ",599.80,,Kerry Polka Dot Leather Slingback Pumps,https://www.anntaylor.com/kerry-polka-dot-leather-slingback-pumps/494485
"Home,>,Clothing,>,Pants,>,The Curvy Crop Pant"," Atlantic Navy - Online Exclusive , Black - Online Exclusive , Dove Grey - Online Exclusive , Coastal Beige - Online Exclusive ","Give your wardrobe an instant upgrade with this essential pair, outfitted with clean lines, a slim cropped cut and an amazingly flattering fit. Fuller through the hip and thigh. Contoured waistband. Front zip with button closure. Belt loops. Front and back welt pockets. Side slits at ankle., , , Crop: cool and relaxed , , Curvy fit: fuller through the hip and thigh , , , 26"" inseam , , Available in: Beige, Black, Blue, Grey, , ,Fabric & Care, , , 97%Cotton, 3% Spandex , , , Machine Washable , , , Imported , ",ILS323.40,,The Curvy Crop Pant,https://www.anntaylor.com/the-curvy-crop-pant/496241
"Home,>,Clothing,>,Suits,>,Doubleweave Short Sleeve Top",Black ,"This top is expertly tailored from doubleweave fabric dyed and finished in Japan. Known for its wrinkle resistance and exquisite draping, it moves with you from closet to carry-on. Boatneck. Short sleeves. Hidden back zipper with hook-and-eye closure., , , Tailored fit , , Hits at waist , , , 21 1/2"" long , , Available in: Black, , ,Fabric & Care, , , 100% Polyester , , , Machine Washable , , , Imported , ",417.10,"00 ,0 ,2 ,6 ,8 ,10 ,12 ,14 ,16 ,18 ",Doubleweave Short Sleeve Top,https://www.anntaylor.com/doubleweave-short-sleeve-top/490412
"Home,>,Clothing,>,Jeans,>,Curvy Frayed Hem Performance Stretch Skinny Jeans", Ecru - Online Exclusive ,"Here’s the skinny: your favorite jeans just got a major upgrade. Front zip with button closure. Belt loops. Classic five-pocket styling., , , Curvy fit: fuller through the hip and thigh , , 10"" rise with 27 1/2"" inseam , , , 10"" rise with 27 1/2"" inseam, measured from a size 8 , , Available in: Beige, , ,Fabric & Care, , , 66% Cotton, 15% Modal, 10% Lyocell, 7% Elasterell, 2% Lycra , , , Machine Washable , , , Imported , ",ILS417.10,,Curvy Frayed Hem Performance Stretch Skinny Jeans,https://www.anntaylor.com/curvy-frayed-hem-performance-stretch-skinny-jeans/495913
"Home,>,Clothing,>,Jackets,>,Framed Fringe Tweed Jacket",Graceful Peach ,"We've framed this long tweed jacket with contrast trim and fringy details. V-neck. Long sleeves. Hidden snap front. Front patch pockets. Lined., , , 30"" long , , Available in: Beige, , ,Fabric & Care, , , Shell: 54% Cotton, 24% Polyester, 17% Acrylic, 5% Wool, Combo: 55% Rayon, 45% Polyester, Lining: 100% Polyester , , , Machine Washable , , , Imported , ",ILS838.80,"XXS ,XS ,S ,M ,L ,XL ,XXL ",Framed Fringe Tweed Jacket,https://www.anntaylor.com/framed-fringe-tweed-jacket/488754
"Home,>,Clothing,>,Tops and Blouses,>,Meadow Floral Pleated Top",Black ,"With fresh florals and a breezy silhouette, our finely pleated top easily folds into your modern wardrobe. Jewel neck. Short sleeves. Lined., , , 24"" long , , Blousy: our most relaxed fit , , Available in: Black, , ,Fabric & Care, , , 100% Polyester , , , Machine Washable , , , Imported , ",ILS325.70,"XXS ,XS ,S ,M ,L ,XL ,XXL ",Meadow Floral Pleated Top,https://www.anntaylor.com/meadow-floral-pleated-top/494595
"Home,>,Clothing,>,Jeans,>,Curvy Performance Stretch Skinny Jeans In Classic Blue Wash", Classic Blue Wash - Online Exclusive ,"Here’s the skinny: your favorite jeans just got a major upgrade. Maximum stretch and recovery. Our most flattering fit. Looks as good at 9 P.M. as it did at 9 A.M. (A.K.A., it doesn’t stretch out). Specially designed with LYCRA® to help smooth your silhouette for comfort and freedom of movement, as well as modal and tencel for a super soft feel. Front zip with button closure. Belt loops. Classic five-pocket styling., , , Curvy fit: fuller through the hip and thigh , , 10"" rise with 29"" inseam , , , 10"" rise with 29"" inseam, measured from a size 8 , , Available in: Blue, , ,Fabric & Care, , , 66% Cotton, 15% Modal, 10% Lyocell, 7% Elasterell, 2% Lycra Spandex , , , Machine Washable , , , Imported , ",ILS417.10,,Curvy Performance Stretch Skinny Jeans In Classic Blue Wash,https://www.anntaylor.com/curvy-performance-stretch-skinny-jeans-in-classic-blue-wash/495801
"Home,>,Clothing,>,Tops and Blouses,>,Pintucked Shell",Khaki Moss ,"Pretty pintucks and fluid lines make this mixed media shell a silhouette for all seasons. Jewel neck. Sleeveless. Shirttail hem. Woven front. Knit back., , , Tailored fit , , Hits at hip , , , 26 3/4"" long , , Available in: Beige, Green, , ,Fabric & Care, , , 95% Polyester, 5% Spandex , , , Imported , ",ILS255.40,,Pintucked Shell,https://www.anntaylor.com/pintucked-shell/501286
"Home,>,Clothing,>,Jeans,>,Tall Frayed Hem Performance Stretch Skinny Jeans", Ecru - Online Exclusive ,"Here’s the skinny: your favorite jeans just got a major upgrade. Front zip with button closure. Belt loops. Classic five-pocket styling., , , Modern fit: lean through the hip and thigh , , 10 1/4"" rise with 30 1/2"" inseam , , , 10 1/4"" rise with 30 1/2"" inseam, measured from a size 8 , , Available in: Beige, , ,Fabric & Care, , , 66% Cotton, 15% Modal, 10% Tencel, 7% Elasterell, 2% Lycra , , , Machine Washable , , , Imported , ","ILS417.10,ILS186.90,ILS186.90,ILS421.70,ILS186.90,ILS186.90,ILS421.70","0 ,2 ,4 ,6 ,8 ,10 ,12 ,14 ,16 ,18 ",Tall Frayed Hem Performance Stretch Skinny Jeans,https://www.anntaylor.com/tall-frayed-hem-performance-stretch-skinny-jeans/495920
"Home,>,Clothing,>,Tops and Blouses,>,Refined Tee","Pink Dust ,Khaki Moss ","An everyday essential, this flattering tee turns it up with a refined silhouette. Boatneck. Short sleeves. Shirttail hem., , , Tailored fit , , Hits at hip , , , 25 1/4"" long , , Available in: Beige, Green, Pink, , ,Fabric & Care, , , Back: 95% Polyester, 5% Spandex, Front/Sleeve: 100% Polyester , , , Machine Washable , , , Imported , ",ILS255.40,"XXS ,XS ,S ,M ,L ,XL ,XXL ",Refined Tee,https://www.anntaylor.com/refined-tee/494862
"Home,>,Clothing,>,Tops and Blouses,>,Mixed Media Pleat Front Top","Black ,Plum Jam ,Whimsical Peri ","A clever pleated front adds extra ease and fluidity to this knit and woven essential. V-neck with pleat beneath. Long sleeves with button cuffs. Shirttail hem. Woven front and sleeves. Knit back., , , Relaxed fit , , Hits at hip , , , 27"" long , , Available in: Black, Purple, Red, , ,Fabric & Care, , , Knit: 95% Polyester, 5% Spandex, Woven: 100% Polyester , , , Machine Washable , , , Imported , ","ILS234.30,-,ILS278.80,ILS234.30,ILS234.30,ILS234.30,ILS257.70,ILS234.30,ILS234.30,ILS187.40,ILS281.10,ILS234.30,ILS234.30,ILS210.80,ILS374.90,ILS351.40,ILS328,ILS234.30,ILS234.30,ILS281.10,ILS351.40,ILS328,ILS187.40,ILS468.60,ILS421.70,ILS234.30,ILS186.90,ILS210.80,ILS374.90,ILS351.40,ILS328,ILS234.30,ILS234.30","XXS ,XS ,S ,M ,L ,XL ,XXL ",Mixed Media Pleat Front Top,https://www.anntaylor.com/mixed-media-pleat-front-top/472076
"Home,>,Clothing,>,Sweaters,>,Crossover Sweater","Night Sky ,Winter White ","Styled with a crossover front, our flattering V-neck sweater is a perfect double duty piece - from desk to dinner. V-neck. Long sleeves., , , Tailored Fit , , Hits at hip , , , 25"" long , , Available in: Blue, White, , ,Fabric & Care, , , 52% Acrylic, 48% Wool , , , Machine Washable , , , Imported , ",ILS325.70,"XXS ,XS ,S ,M ,L ,XL ,XXL ",Crossover Sweater,https://www.anntaylor.com/crossover-sweater/494777
"Home,>,Clothing,>,Sweaters,>,Perfect Pullover","Pink Dust ,Night Sky ,Black ,Spring Azalea ,Azure Breeze ,Deep Dandelion ,Winter White , Graceful Lilac - Online Exclusive ","Finished with pretty ruffle cuff trim, this ribbed sweater is one you'll want in every color. Crew neck. Long sleeves with ruffle cuffs., , , Tailored Fit , , Hits at hip , , , 24"" long , , Available in: Black, Blue, Pink, Purple, White, Yellow, , ,Fabric & Care, , , 62% Viscose, 35% Nylon, 3% Spandex , , , Machine Washable , , , Imported , ",ILS372.60,"XXS ,XS ,S ,M ,L ,XL ,XXL ",Perfect Pullover,https://www.anntaylor.com/perfect-pullover/487940
"Home,>,Clothing,>,Jeans,>,Frayed Hem Performance Stretch Skinny Jeans",Ecru ,"Here’s the skinny: your favorite jeans just got a major upgrade. Front zip with button closure. Belt loops. Classic five-pocket styling., , , Modern fit: lean through the hip and thigh , , 10 1/4"" rise with 27 1/2"" inseam , , , 10 1/4"" rise with 27 1/2"" inseam, measured from a size 8 , , Available in: Beige, , ,Fabric & Care, , , 66% Cotton, 15% Modal, 10% Tencel, 7% Elasterell, 2% Lycra , , , Machine Washable , , , Imported , ",ILS417.10,,Frayed Hem Performance Stretch Skinny Jeans,https://www.anntaylor.com/frayed-hem-performance-stretch-skinny-jeans/487515
"Home,>,Clothing,>,Tops and Blouses,>,Geo Refined Tee",Winter White ,"An everyday essential, this flattering tee turns it up with a refined silhouette. Boatneck. Short sleeves. Shirttail hem., , , Tailored fit , , Hits at hip , , , 25 1/4"" long , , Available in: White, , ,Fabric & Care, , , 100% Polyester , , , Machine Washable , , , Imported , ",ILS255.40,"XXS ,XS ,S ,M ,L ,XL ,XXL ",Geo Refined Tee,https://www.anntaylor.com/geo-refined-tee/494863
"Home,>,Clothing,>,Sweaters,>,Ann Cardigan","Night Sky ,Black ,Pure Fuchsia ,White ,Pink Dust ,Mountain Lavender , Intense Lava - Online Exclusive , Icy Grey Heather - Online Exclusive , Winter White - Online Exclusive ","Meet our instant wardrobe icon, the Ann Cardigan. Tailored in a soft knit, our signature favorite comes in an array of rich colors and patterns. Crew neck. Long sleeves. Button front. Ribbed cuffs and hem., , , Tailored fit , , Hits at hip , , , 23"" long , , Available in: Black, Blue, Grey, Pink, Purple, Red, White, , ,Fabric & Care, , , 55% Cotton, 25% Modal, 20% Polyester , , , Machine Washable , , , Imported , ","ILS116.60,-,ILS325.70,ILS210.80,ILS210.80,ILS257.70,ILS332.70,ILS210.80,ILS210.80,ILS93.20,ILS280.60,ILS304.60,ILS421.70,ILS187.40,ILS93.20,ILS281.10,ILS186.90,ILS186.90,ILS186.90,ILS93.20,ILS186.90,ILS93.20,ILS280.60,ILS304.60,ILS421.70,ILS187.40,ILS93.20,ILS281.10","XXS ,XS ,S ,M ,L ,XL ,XXL ",Ann Cardigan,https://www.anntaylor.com/ann-cardigan/474835
"Home,>,Clothing,>,Tops and Blouses,>,Tipped Pleated Top", Winter Violet - Online Exclusive ,"With contrast tipping and a beautifully breezy silhouette, our finely pleated top easily folds into your modern wardrobe. Jewel neck with pleated collar ruffle. Short sleeves., , , 24"" long , , Available in: Purple, , ,Fabric & Care, , , 100% Polyester , , , Machine Washable , , , Imported , ",ILS325.70,,Tipped Pleated Top,https://www.anntaylor.com/tipped-pleated-top/494596
"Home,>,Accessories,>,Scarves,>,Spade Scarf",Night Sky ,"Top off your look with this refined scarf, cast in a modern spade motif and rich seasonal hues. 50"" x 50""., , Available in: Blue, , ,Fabric & Care, , , 100% Modal , , , Imported , ",ILS278.80,,Spade Scarf,https://www.anntaylor.com/spade-scarf/500121
"Home,>,Clothing,>,Tops and Blouses,>,Square Neck Ponte Top","Winter Violet ,Winter White , Black - Online Exclusive ","Our smooth ponte top squares up the season with a beautifully framed neckline. Square neck with elasticized side edges. Long raglan sleeves., , , Tailored fit , , Hits at hip , , , 24"" long , , Available in: Black, Purple, White, , ,Fabric & Care, , , 65% Rayon, 31% Polyester, 4% Spandex , , , Machine Washable , , , Imported , ",ILS255.40,"XXS ,XS ,S ,M ,L ,XL ,XXL ",Square Neck Ponte Top,https://www.anntaylor.com/square-neck-ponte-top/494855
"Home,>,Shoes,>,All Shoes,>,Mila Scalloped Suede Pumps","Black ,Bright Flamingo ","Scalloped edging adds a feminine twist to these style standouts, designed in rich suede. Pointy toe. Padded footbed for complete comfort. Covered 3 1/2"" heel., , Available in: Black, Pink, , ,Fabric & Care, , , Kid Suede , , , Imported , ",ILS646.70,,Mila Scalloped Suede Pumps,https://www.anntaylor.com/mila-scalloped-suede-pumps/494492
"Home,>,Clothing,>,Tops and Blouses,>,Pleated Cuff Blouse",Winter White ,"Refined with crisply pleated cuffs, our button down blouse is a welcome addition to the fashion fold. Mandarin collar. Long sleeves with pleated button cuffs. Hidden button front. Shirttail hem., , , 27"" long , , Classic: an easy, body-skimming fit , , Available in: White, , ,Fabric & Care, , , 100% Polyester , , , Machine Washable , , , Imported , ",372.60,"XXS ,XS ,S ,M ,L ,XL ,XXL ",Pleated Cuff Blouse,https://www.anntaylor.com/pleated-cuff-blouse/500481
"Home,>,Clothing,>,Tops and Blouses,>,Knot Neck Blouse","Pink Dust , Black - Online Exclusive ,Winter Violet ","A knotted neckline puts a modern twist on this artfully draped blouse, rendered in the season's most coveted colors. Knot neck with side pleats. Sleeveless. Back keyhole with button closure. Shirttail hem., , , 25 3/4"" long , , Blousy: our most relaxed fit , , Available in: Black, Pink, Purple, , ,Fabric & Care, , , 100% Polyester , , , Machine Washable , , , Imported , ",ILS278.80,"XXS ,XS ,S ,M ,L ,XL ,XXL ",Knot Neck Blouse,https://www.anntaylor.com/knot-neck-blouse/489863
"Home,>,Clothing,>,Jeans,>,Curvy Performance Stretch Boot Cut Jeans in Classic Mid Indigo Wash", Classic Mid Indigo Wash - Online Exclusive ,"Designed with a touch of stretch for perfect fit, our boot cut denim jeans are the season's wear-with-all pair. Front zip with button closure. Belt loops. Classic five-pocket styling., , , Curvy fit: fuller through the hip and thigh , , 10"" rise with 32"" inseam , , Available in: Blue, , ,Fabric & Care, , , 66% Cotton, 15% Modal, 10% Lyocell, 7% Elasterell, 2% Lycra Spandex , , , Machine Washable , , , Imported , ",ILS417.10,,Curvy Performance Stretch Boot Cut Jeans in Classic Mid Indigo Wash,https://www.anntaylor.com/curvy-performance-stretch-boot-cut-jeans-in-classic-mid-indigo-wash/477441
"Home,>,Accessories,>,Jewelry,>,Clover Pearlized Station Necklace",Gold ,"A charming addition to your accessory lineup, our pearlized clover station necklace polishes any ensemble. 40"" length., , Available in: Gold, , ,Fabric & Care, , , Imported , ",ILS278.80,,Clover Pearlized Station Necklace,https://www.anntaylor.com/clover-pearlized-station-necklace/497092
"Home,>,Shoes,>,All Shoes,>,Reese Suede Pumps",Black ,"A sleek silhouette in rich suede makes this well-heeled pair a versatile favorite. Pointy toe. Padded footbed for complete comfort. Covered 1 3/4” heel., , Available in: Black, , ,Fabric & Care, , , Suede , , , Imported , ",599.80,,Reese Suede Pumps,https://www.anntaylor.com/reese-suede-pumps/413955
"Home,>,Clothing,>,Pants,>,The Tall Ankle Pant In Doublecloth","Atlantic Navy ,Black ,Pale Camel ","A silhouette with lean symmetry and a custom-tailored feel - in rich doublecloth. Front zip with hook-and-bar closure. Belt loops. Front off-seam pockets. Back welt pockets., , , Modern fit: lean through the hip and thigh , , Hits at ankle , , , 30"" inseam , , Available in: Black, Blue, , ,Fabric & Care, , , 64% Polyester, 32% Viscose, 4% Elastane , , , Machine Washable , , , Imported , ","ILS459.30,ILS421.70,ILS233.80,ILS140,ILS421.70,ILS233.80,ILS140","0 ,2 ,4 ,6 ,8 ,10 ,12 ,14 ,16 ,18 ",The Tall Ankle Pant In Doublecloth,https://www.anntaylor.com/the-tall-ankle-pant-in-doublecloth/478117
"Home,>,Clothing,>,Sweaters,>,Ann Cardigan","Night Sky ,Black ,Pure Fuchsia ,White ,Pink Dust ,Mountain Lavender , Intense Lava - Online Exclusive , Icy Grey Heather - Online Exclusive , Winter White - Online Exclusive ","Meet our instant wardrobe icon, the Ann Cardigan. Tailored in a soft knit, our signature favorite comes in an array of rich colors and patterns. Crew neck. Long sleeves. Button front. Ribbed cuffs and hem., , , Tailored fit , , Hits at hip , , , 23"" long , , Available in: Black, Blue, Grey, Pink, Purple, Red, White, , ,Fabric & Care, , , 55% Cotton, 25% Modal, 20% Polyester , , , Machine Washable , , , Imported , ","ILS116.60,-,ILS325.70,ILS210.80,ILS210.80,ILS234.30,ILS257.70,ILS332.70,ILS210.80,ILS210.80,ILS234.30,ILS93.20,ILS280.60,ILS304.60,ILS421.70,ILS187.40,ILS93.20,ILS281.10,ILS186.90,ILS186.90,ILS186.90,ILS93.20,ILS186.90,ILS93.20,ILS280.60,ILS304.60,ILS421.70,ILS187.40,ILS93.20,ILS281.10","XXS ,XS ,S ,M ,L ,XL ,XXL ",Ann Cardigan,https://www.anntaylor.com/ann-cardigan/474835?bvstate=pg:2/ct:r
"Home,>,Shoes,>,All Shoes,>,Reese Suede Pumps",Black ,"A sleek silhouette in rich suede makes this well-heeled pair a versatile favorite. Pointy toe. Padded footbed for complete comfort. Covered 1 3/4” heel., , Available in: Black, , ,Fabric & Care, , , Suede , , , Imported , ",599.80,,Reese Suede Pumps,https://www.anntaylor.com/reese-suede-pumps/413955
"Home,>,Clothing,>,Tops and Blouses,>,Meadow Floral Pima Cotton Scoop Neck Tee",Black ,"In refined pima cotton, our soft scoop neck tee is always flattering, versatile and layer-ready. Scoop neck. Short sleeves. Shirttail hem., , , Soft & stretchy fit , , Hits at hip , , , 26 1/2"" long , , Available in: Black, , ,Fabric & Care, , , 100% Cotton , , , Machine Washable , , , Imported , ",ILS138.20,"XXS ,XS ,S ,M ,L ,XL ,XXL ",Meadow Floral Pima Cotton Scoop Neck Tee,https://www.anntaylor.com/meadow-floral-pima-cotton-scoop-neck-tee/494441
"Home,>,Clothing,>,Dresses,>,Herringbone Matte Jersey Wrap Dress",Black ,"Meet our classic knit wrap dress: the must-have silhouette that fits and flatters all. V-neck with crossover front. Long sleeves. Self tie belt., , , Soft & stretchy fit , , Hits at knee , , , 25"" from natural waist , , Available in: Black, , ,Fabric & Care, , , 95% Polyester, 5% Spandex , , , Machine Washable , , , Imported , ",ILS459.30,"00 ,0 ,2 ,4 ,6 ,8 ,10 ,12 ,14 ,16 ,18 ",Herringbone Matte Jersey Wrap Dress,https://www.anntaylor.com/herringbone-matte-jersey-wrap-dress/494044
"Home,>,Shoes,>,All Shoes,>,Eryn Suede Pumps","True Navy ,Black , Portobello - Online Exclusive ,Spiced Chai ,Pepper Green ,Toasted Sesame ","A pointy toe adds undeniable sophistication to these covetable pumps - a noteworthy arrival in sumptuous suede. Pointy toe. Padded footbed for complete comfort. Covered 2 1/2"" heel., , Available in: Black, Blue, Gold, Green, Grey, Neutral, , ,Fabric & Care, , , Kid Suede , ",599.80,,Eryn Suede Pumps,https://www.anntaylor.com/eryn-suede-pumps/379956
"Home,>,Clothing,>,Suits,>,Seasonless Stretch Belted Elbow Sleeve Dress",Perfect Navy ,"In flattering all-season stretch fabric, our sleek belted dress takes you from AM presentation to PM destination. V-neck. Elbow sleeves. Self buckle belt. Hidden back zipper with hook-and-eye closure. Back vent. Lined body., , , Tailored fit , , Hits at knee , , , 24"" from natural waist , , Available in: Blue, , ,Fabric & Care, , , Shell: 48% Polyester, 48% Viscose, 4% Elastane, Lining: 100% Polyester , , , Machine Washable , , , Imported , ",ILS698.30,"00 ,0 ,2 ,4 ,6 ,8 ,10 ,12 ,14 ,16 ,18 ",Seasonless Stretch Belted Elbow Sleeve Dress,https://www.anntaylor.com/seasonless-stretch-belted-elbow-sleeve-dress/493852
"Home,>,Clothing,>,Jeans,>,Curvy Performance Stretch Boot Cut Jeans in Classic Mid Indigo Wash", Classic Mid Indigo Wash - Online Exclusive ,"Designed with a touch of stretch for perfect fit, our boot cut denim jeans are the season's wear-with-all pair. Front zip with button closure. Belt loops. Classic five-pocket styling., , , Curvy fit: fuller through the hip and thigh , , 10"" rise with 32"" inseam , , Available in: Blue, , ,Fabric & Care, , , 66% Cotton, 15% Modal, 10% Lyocell, 7% Elasterell, 2% Lycra Spandex , , , Machine Washable , , , Imported , ",ILS417.10,,Curvy Performance Stretch Boot Cut Jeans in Classic Mid Indigo Wash,https://www.anntaylor.com/curvy-performance-stretch-boot-cut-jeans-in-classic-mid-indigo-wash/477441?bvstate=pg:2/ct:r
"Home,>,Accessories,>,Jewelry,>,Mother Of Pearl Disc Pendant Necklace",Gold ,"Interlocking metallic and mother-of-pearl discs add iridescent luster to any ensemble., , Available in: Gold, , ,Fabric & Care, , , Imported , ",ILS278.80,,Mother Of Pearl Disc Pendant Necklace,https://www.anntaylor.com/mother-of-pearl-disc-pendant-necklace/487454
"Home,>,Clothing,>,Tops and Blouses,>,Double V Elbow Sleeve Top"," Dark Ruby - Online Exclusive , Black - Online Exclusive ","Styled with a sleek V-neck and V-back, this soft and stretchy knit is a double duty essential. V-neck. Elbow sleeves. V-back., , , Relaxed fit , , Hits at waist , , , 23 3/4"" long , , Available in: Black, Red, , ,Fabric & Care, , , 55% Polyester, 45% Cotton , , , Machine Washable , , , Imported , ",185.10,,Double V Elbow Sleeve Top,https://www.anntaylor.com/double-v-elbow-sleeve-top/491754
"Home,>,Accessories,>,Sunglasses & Readers,>,Butterfly Sunglasses","Black ,Tortoise Brown ,Dark Ruby ","Flattering and sun-ready, our butterfly shaped frames always look at the bright side. 100% UV protection. California Proposition 65 , , Available in: Black, Brown, Red, , ,Fabric & Care, , , N/A , , , Imported , ",ILS224.90,,Butterfly Sunglasses,https://www.anntaylor.com/butterfly-sunglasses/464698
"Home,>,Clothing,>,Pants,>,The Tall Ankle Pant In Doublecloth","Atlantic Navy ,Black ,Pale Camel ","A silhouette with lean symmetry and a custom-tailored feel - in rich doublecloth. Front zip with hook-and-bar closure. Belt loops. Front off-seam pockets. Back welt pockets., , , Modern fit: lean through the hip and thigh , , Hits at ankle , , , 30"" inseam , , Available in: Black, Blue, , ,Fabric & Care, , , 64% Polyester, 32% Viscose, 4% Elastane , , , Machine Washable , , , Imported , ",459.30,"0 ,2 ,4 ,6 ,8 ,10 ,12 ,14 ,16 ,18 ",The Tall Ankle Pant In Doublecloth,https://www.anntaylor.com/the-tall-ankle-pant-in-doublecloth/478117
"Home,>,Accessories,>,Scarves,>,Plaid Silk Little Scarf",Night Sky ,"Warmly checked in a season-fresh palette, our plaid silk scarf is a polished finish to any outfit. 25"" x 25""., , Available in: Blue, , ,Fabric & Care, , , 100% Silk , , , Dry Clean Only , , , Imported , ",ILS185.10,,Plaid Silk Little Scarf,https://www.anntaylor.com/plaid-silk-little-scarf/492010
"Home,>,Clothing,>,Sweaters,>,Ann Cardigan","Night Sky ,Black ,Pure Fuchsia ,White ,Pink Dust ,Mountain Lavender , Intense Lava - Online Exclusive , Icy Grey Heather - Online Exclusive , Winter White - Online Exclusive ","Meet our instant wardrobe icon, the Ann Cardigan. Tailored in a soft knit, our signature favorite comes in an array of rich colors and patterns. Crew neck. Long sleeves. Button front. Ribbed cuffs and hem., , , Tailored fit , , Hits at hip , , , 23"" long , , Available in: Black, Blue, Grey, Pink, Purple, Red, White, , ,Fabric & Care, , , 55% Cotton, 25% Modal, 20% Polyester , , , Machine Washable , , , Imported , ","ILS116.60,-,ILS325.70,ILS210.80,ILS210.80,ILS257.70,ILS332.70,ILS210.80,ILS210.80,ILS93.20,ILS280.60,ILS304.60,ILS421.70,ILS187.40,ILS93.20,ILS281.10,ILS186.90,ILS186.90,ILS186.90,ILS93.20,ILS186.90,ILS93.20,ILS280.60,ILS304.60,ILS421.70,ILS187.40,ILS93.20,ILS281.10","XXS ,XS ,S ,M ,L ,XL ,XXL ",Ann Cardigan,https://www.anntaylor.com/ann-cardigan/474835?bvstate=pg:3/ct:r
"Home,>,Accessories,>,Sunglasses & Readers,>,Butterfly Sunglasses","Black ,Tortoise Brown ,Dark Ruby ","Flattering and sun-ready, our butterfly shaped frames always look at the bright side. 100% UV protection. California Proposition 65 , , Available in: Black, Brown, Red, , ,Fabric & Care, , , N/A , , , Imported , ",ILS224.90,,Butterfly Sunglasses,https://www.anntaylor.com/butterfly-sunglasses/464698?bvstate=pg:2/ct:r
"Home,>,Accessories,>,Scarves,>,Studded Blanket Scarf",Black ,"Lightly fringed and softly textured, our studded blanket scarf is always a polished wardrobe addition. Light fringe at ends., , Available in: Black, , ,Fabric & Care, , , Imported , ",ILS234.30,,Studded Blanket Scarf,https://www.anntaylor.com/studded-blanket-scarf/491291
"Home,>,Shoes,>,All Shoes,>,Lorene Suede Pumps",Black ,"A glossy tortoiseshell patent leather heel elevates these rich suede pumps to a whole new level. Round toe. Padded footbed for complete comfort. Covered 2"" heel., , Available in: Black, , ,Fabric & Care, , , Suede , , , Imported , ",ILS646.70,,Lorene Suede Pumps,https://www.anntaylor.com/lorene-suede-pumps/475731
"Home,>,Clothing,>,Suits,>,The Trouser In Sharkskin - Curvy Fit", Iced Slate - Online Exclusive ,"The perfect wear-with-all pants - made in seasonless sharkskin with a touch of stretch for a refined, streamlined fit. Proportional contouring with suit-like, tailored detailing. Fuller through the hip and thigh. Contoured curtain waistband offers extra tailoring detail for a better fit. Front zip with double hook-and-bar closure. Belt loops. Front off-seam pockets. Back besom pockets. 33 1/4"" inseam., , , PETITE: 30"" INSEAM , , TALL: 36"" INSEAM , , , PETITE: 30"" INSEAM , , , TALL: 36"" INSEAM , , Available in: Grey, , ,Fabric & Care, , , 69% Polyester, 29% Rayon, 2% Spandex , , , Machine Washable , , , Imported , ",ILS459.30,"00 ,0 ,2 ,4 ,6 ,8 ,10 ,12 ,14 ,16 ,18 ",The Trouser In Sharkskin - Curvy Fit,https://www.anntaylor.com/the-trouser-in-sharkskin-curvy-fit/443571
"Home,>,Clothing,>,Tops and Blouses,>,Embellished Mock Neck Shell","Black ,Winter White ","Embellished with beaded chain trim at the neckline, our pleat neck shell is airy and refined - with modern edge. Mock neck. Sleeveless. Back keyhole with button closure. Shirttail hem., , , Softly fitted , , Hits at hip , , , 25 1/4"" long , , Available in: Black, White, , ,Fabric & Care, , , 100% Polyester , , , Dry Clean Only , , , Imported , ",ILS234.30,"XXS ,XS ,S ,M ,L ,XL ,XXL ",Embellished Mock Neck Shell,https://www.anntaylor.com/embellished-mock-neck-shell/481925
"Home,>,Clothing,>,Jeans,>,Curvy Performance Stretch Boot Cut Jeans in Evening Sea Wash", Evening Sea Wash - Online Exclusive ,"Designed with a touch of stretch for perfect fit, our boot cut denim jeans are the season's wear-with-all pair. Front zip with button closure. Belt loops. Classic five-pocket styling., , , Curvy fit: fuller through the hip and thigh , , 10"" rise with 32"" inseam , , Available in: Blue, , ,Fabric & Care, , , 66% Cotton, 15% Modal, 10% Lyocell, 7% Elasterell, 2% Lycra Spandex , , , Machine Washable , , , Imported , ",ILS417.10,,Curvy Performance Stretch Boot Cut Jeans in Evening Sea Wash,https://www.anntaylor.com/curvy-performance-stretch-boot-cut-jeans-in-evening-sea-wash/477439
"Home,>,Clothing,>,Tops and Blouses,>,Chain Link Square Neck Blouse",Navy Sky ,"Square up the season with this beautifully framed neckline, complemented by raglan sleeves and shirred button cuffs. Square neckline. Long raglan sleeves with button cuffs. Shirttail hem., , , Softly fitted , , Hits at hip , , , 24 1/2"" long , , Available in: Blue, , ,Fabric & Care, , , 100% Polyester , , , Machine Washable , , , Imported , ","ILS328,ILS234.30,ILS281.10,ILS281.10,ILS328,ILS281.10,ILS234.30,ILS328,ILS351.40,ILS328,ILS234.30,ILS398.30,ILS187.40,ILS351.40,ILS351.40,ILS234.30,ILS281.10,ILS281.10,ILS328,ILS281.10,ILS234.30,ILS328,ILS398.30,ILS234.30,ILS328,ILS234.30,ILS328,ILS351.40,ILS281.10,ILS328,ILS234.30,ILS328,ILS328,ILS186.90,ILS328,ILS304.60,ILS281.10,ILS398.30,ILS234.30,ILS328,ILS234.30,ILS328,ILS351.40,ILS281.10","XXS ,XS ,S ,L ,XL ",Chain Link Square Neck Blouse,https://www.anntaylor.com/chain-link-square-neck-blouse/481794
"Home,>,Clothing,>,Skirts,>,A-Line Sweater Skirt",Ivy Green ,"Subtly flared in a just-right length, our A-line sweater skirt is the perfect pairing for crisp days and nights. Elasticized waistband., , Available in: Green, , ,Fabric & Care, , , 43% Acrylic, 40% Wool, 15% Nylon, 2% Spandex , , , Machine Washable , , , Imported , ",ILS374.90,"XS ,S ",A-Line Sweater Skirt,https://www.anntaylor.com/a-line-sweater-skirt/483101
"Home,>,Clothing,>,Tops and Blouses,>,Cowl Neck Long Sleeve Top"," Black - Online Exclusive , Baroque Rose - Online Exclusive , Woodland Vine - Online Exclusive ","One of our style essentials, this cowl neck top is fluidly draped for a forever flattering look. Cowl neck. Long sleeves with button cuffs. Shirttail hem., , , Relaxed fit , , Hits at waist , , , 25"" long , , Available in: Black, Green, Pink, , ,Fabric & Care, , , 95% Polyester, 5% Spandex , , , Machine Washable , , , Imported , ",ILS257.70,,Cowl Neck Long Sleeve Top,https://www.anntaylor.com/cowl-neck-long-sleeve-top/481855
"Home,>,Clothing,>,Suits,>,The Straight Leg Pant In Doubleweave",Black ,"This perfect wear-with-all pair is expertly tailored from doubleweave fabric dyed and finished in Japan. Known for its wrinkle resistance and exquisite draping, it moves with you from closet to carry-on. Front zip with double hook-and-bar closure. Belt loops. Front off-seam pockets. Back besom pockets., , , Straight leg: tailored and full-length , , Modern fit: lean through the hip and thigh , , , 31"" inseam , , Available in: Black, , ,Fabric & Care, , , 100% Polyester , , , Machine Washable , , , Imported , ",ILS557.70,,The Straight Leg Pant In Doubleweave,https://www.anntaylor.com/the-straight-leg-pant-in-doubleweave/473021
"Home,>,Clothing,>,Tops and Blouses,>,Pleat Front Mixed Media Top in Floral",Dark Rock Grey ,"A clever pleated front adds extra ease and fluidity to this knit and woven essential. V-neck with pleat beneath. Long sleeves with button cuffs. Shirttail hem. Woven front and sleeves. Knit back., , , Relaxed fit , , Hits at hip , , , 27"" long , , Available in: Grey, , ,Fabric & Care, , , Woven: 100% Polyester, Knit: 95% Polyester, 5% Spandex , , , Machine Washable , , , Imported , ","ILS234.30,ILS210.80,ILS257.70,ILS234.30,ILS374.90,ILS234.30,ILS234.30,ILS215.50,ILS281.10,ILS234.30,ILS281.10,ILS281.10,ILS234.30,ILS210.80,ILS257.70,ILS234.30,ILS374.90,ILS234.30,ILS116.60,ILS93.20,ILS351.40,ILS328,ILS328,ILS140,ILS281.10,ILS328,ILS328,ILS186.90,ILS234.30,ILS186.90,ILS186.90,ILS140,ILS234.30,ILS234.30,ILS116.60,ILS93.20,ILS351.40,ILS328,ILS328,ILS140,ILS281.10",XXS ,Pleat Front Mixed Media Top in Floral,https://www.anntaylor.com/pleat-front-mixed-media-top-in-floral/483392
"Home,>,Shoes,>,All Shoes,>,Lorene Suede Pumps",Black ,"A glossy tortoiseshell patent leather heel elevates these rich suede pumps to a whole new level. Round toe. Padded footbed for complete comfort. Covered 2"" heel., , Available in: Black, , ,Fabric & Care, , , Suede , , , Imported , ",646.70,,Lorene Suede Pumps,https://www.anntaylor.com/lorene-suede-pumps/475731
"Home,>,Clothing,>,Pants,>,The Petite Ankle Pant In Plaid - Curvy Fit",Black ,"A silhouette with lean symmetry and a custom-tailored feel. Front zip with hook-and-bar closure. Belt loops. Front off-seam pockets. Back besom pockets., , , Ankle: clean and streamlined , , Curvy fit: fuller through the hip and thigh , , , 25"" inseam , , Available in: Black, , ,Fabric & Care, , , 75% Polyester, 20% Viscose, 5% Elastane , , , Machine Washable , , , Imported , ",421.70,,The Petite Ankle Pant In Plaid - Curvy Fit,https://www.anntaylor.com/the-petite-ankle-pant-in-plaid-curvy-fit/491996
"Home,>,Clothing,>,Tops and Blouses,>,Marled Tunic Tee","Ash Heather ,Black Multi , Light Blue Heather - Online Exclusive ","Perfect for mixing and matching, our marled tee is styled in a tunic length for an extra flattering effect. Jewel neck. Long sleeves. Shirttail hem., , , Relaxed fit , , Hits at hip , , , 28 3/4"" long , , Available in: Black, Blue, Grey, , ,Fabric & Care, , , 82% Rayon, 15% Polyester, 3% Spandex , , , Machine Washable , , , Imported , ","ILS208.50,ILS234.30,ILS257.70,ILS234.30,ILS187.40,ILS351.40,ILS140,ILS281.10,ILS215.50,ILS281.10,ILS234.30,ILS328,ILS234.30,ILS280.60,ILS351.40,ILS187.40,ILS351.40,ILS140,ILS281.10",,Marled Tunic Tee,https://www.anntaylor.com/marled-tunic-tee/484157
"Home,>,Clothing,>,Tops and Blouses,>,Petite Essential Shirt","Black ,Winter White , Green Bud - Online Exclusive ","With a slim fit and a bit of drape, count on this one every time you go to your closet. Point collar. Long sleeves with button closure. Button front placket. Back yoke. Shirttail hem., , , Fitted throughout , , Hits at waist , , , 25 1/2"" long , , Available in: Black, Green, White, , ,Fabric & Care, , , 100% Polyester , , , Machine Washable , , , Imported , ","ILS281.10,-,ILS325.70,ILS328,ILS328,ILS421.70,ILS281.10,ILS304.60,ILS140,ILS328,ILS328,ILS421.70,ILS234.30,ILS328,ILS234.30,ILS281.10,ILS281.10,ILS234.30,ILS281.10,ILS187.40,ILS234.30,ILS234.30,ILS328,ILS234.30",,Petite Essential Shirt,https://www.anntaylor.com/petite-essential-shirt/484090
"Home,>,Clothing,>,Sweaters,>,Ann Cardigan","Night Sky ,Black ,Pure Fuchsia ,White ,Pink Dust ,Mountain Lavender , Intense Lava - Online Exclusive , Icy Grey Heather - Online Exclusive , Winter White - Online Exclusive ","Meet our instant wardrobe icon, the Ann Cardigan. Tailored in a soft knit, our signature favorite comes in an array of rich colors and patterns. Crew neck. Long sleeves. Button front. Ribbed cuffs and hem., , , Tailored fit , , Hits at hip , , , 23"" long , , Available in: Black, Blue, Grey, Pink, Purple, Red, White, , ,Fabric & Care, , , 55% Cotton, 25% Modal, 20% Polyester , , , Machine Washable , , , Imported , ","ILS116.60,-,ILS325.70","XXS ,XS ,S ,M ,L ,XL ,XXL ",Ann Cardigan,https://www.anntaylor.com/ann-cardigan/474835?bvstate=pg:4/ct:r
"Home,>,Clothing,>,Jeans,>,Curvy Performance Stretch Boot Cut Jeans in Evening Sea Wash", Evening Sea Wash - Online Exclusive ,"Designed with a touch of stretch for perfect fit, our boot cut denim jeans are the season's wear-with-all pair. Front zip with button closure. Belt loops. Classic five-pocket styling., , , Curvy fit: fuller through the hip and thigh , , 10"" rise with 32"" inseam , , Available in: Blue, , ,Fabric & Care, , , 66% Cotton, 15% Modal, 10% Lyocell, 7% Elasterell, 2% Lycra Spandex , , , Machine Washable , , , Imported , ",ILS417.10,,Curvy Performance Stretch Boot Cut Jeans in Evening Sea Wash,https://www.anntaylor.com/curvy-performance-stretch-boot-cut-jeans-in-evening-sea-wash/477439?bvstate=pg:2/ct:r
"Home,>,Accessories,>,Belts,>,Medium Leather Trouser Belt","Navy Blue ,Black ,Rich Cognac ","Topped with a shiny rounded buckle, our rich leather belt is a pulled-together addition to any outfit. Brushed metal prong buckle. 1"" width., , Available in: Black, Blue, Brown, , ,Fabric & Care, , , 100% Leather , , , Imported , ",ILS232,,Medium Leather Trouser Belt,https://www.anntaylor.com/medium-leather-trouser-belt/446361
"Home,>,Clothing,>,Tops and Blouses,>,Side Tie Wrap Top","Jubilee ,Winter White , Black - Online Exclusive ","Cinched with flattering side front ties, our wrap top adds a feminine twist to your knit collection. V-neck with crossover front and self ties. 3/4 sleeves., , , Tailored fit , , Hits at waist , , , 24"" long , , Available in: Black, Red, White, , ,Fabric & Care, , , 95% Polyester, 5% Spandex , , , Machine Washable , , , Imported , ","ILS234.30,ILS186.90,ILS234.30,ILS234.30,ILS398.30,ILS374.90,ILS210.80,ILS328,ILS186.90,ILS234.30,ILS281.10,ILS234.30,ILS140,ILS234.30,ILS187.40,ILS234.30,ILS187.40,ILS281.10,ILS257.70,ILS234.30,ILS186.90,ILS257.70,ILS328,ILS281.10,ILS328,ILS140,ILS281.10,ILS234.30,ILS140,ILS234.30,ILS187.40,ILS234.30,ILS187.40,ILS281.10","XXS ,XS ,S ,XL ,XXL ",Side Tie Wrap Top,https://www.anntaylor.com/side-tie-wrap-top/482339
"Home,>,Clothing,>,Tops and Blouses,>,Petite Essential Shirt","Black ,Winter White , Green Bud - Online Exclusive ","With a slim fit and a bit of drape, count on this one every time you go to your closet. Point collar. Long sleeves with button closure. Button front placket. Back yoke. Shirttail hem., , , Fitted throughout , , Hits at waist , , , 25 1/2"" long , , Available in: Black, Green, White, , ,Fabric & Care, , , 100% Polyester , , , Machine Washable , , , Imported , ",325.70,,Petite Essential Shirt,https://www.anntaylor.com/petite-essential-shirt/484090
"Home,>,Shoes,>,All Shoes,>,Mila Leather Pumps","Camel ,Black ,Navy Blue ","A pointy toe adds fashion-forward sophistication to these style standouts, designed in the finest leather for a perfectly polished finish. Pointy toe. Padded footbed for complete comfort. Covered 3 1/2"" heel., , Available in: Black, Blue, Neutral, , ,Fabric & Care, , , Leather , , , Imported , ",ILS599.80,,Mila Leather Pumps,https://www.anntaylor.com/mila-leather-pumps/397108
"Home,>,Clothing,>,Jeans,>,Petite Frayed Hem Performance Stretch Skinny Jeans", Ecru - Online Exclusive ,"Here’s the skinny: your favorite jeans just got a major upgrade. Front zip with button closure. Belt loops. Classic five-pocket styling., , , Modern fit: lean through the hip and thigh , , 10"" rise with 25"" inseam , , , 10"" rise with 25"" inseam, measured from a size 8 , , Available in: Beige, , ,Fabric & Care, , , 66% Cotton, 15% Modal, 10% Tencel, 7% Elasterell, 2% Lycra , , , Machine Washable , , , Imported , ",417.10,,Petite Frayed Hem Performance Stretch Skinny Jeans,https://www.anntaylor.com/petite-frayed-hem-performance-stretch-skinny-jeans/495914
"Home,>,Clothing,>,Pants,>,The Petite Ankle Pant In Houndstooth",Black ,"A silhouette with lean symmetry and a custom-tailored feel - in checked houndstooth. Front zip with hook-and-bar closure. Belt loops. Front off-seam pockets. Back besom pockets., , , Ankle: clean and streamlined , , Modern fit: lean through the hip and thigh , , , 25"" inseam , , Available in: Black, , ,Fabric & Care, , , 62% Polyester, 33% Viscose, 5% Elastane , , , Machine Washable , , , Imported , ",421.70,,The Petite Ankle Pant In Houndstooth,https://www.anntaylor.com/the-petite-ankle-pant-in-houndstooth/485868
"Home,>,Clothing,>,Pants,>,The Petite Ankle Pant In Cotton Twill","Atlantic Navy ,Black ,Coastal Beige ,Classic Plum ","A silhouette with lean symmetry and a custom-tailored feel - in cotton twill. Front zip with hook-and-bar closure. Belt loops. Front off-seam pockets. Back besom pockets., , , Ankle: clean and streamlined , , Modern fit: lean through the hip and thigh , , , 25"" inseam , , Available in: Beige, Black, Blue, Red, , ,Fabric & Care, , , 88% Cotton, 12% Elastane , , , Machine Washable , , , Imported , ",417.10,,The Petite Ankle Pant In Cotton Twill,https://www.anntaylor.com/the-petite-ankle-pant-in-cotton-twill/460007
"Home,>,Clothing,>,Jackets,>,Petite Belted Tweed Jacket",Green Multi ,"Intriguingly textured and flecked with rich color, our belted tweed jacket is one of the season's most flattering - and versatile - toppers. Jewel neck. Long sleeves. Front hook-and-eye closure. Self tie belt. Vertical on-seam welt pockets. Lined., , , 27"" long , , , ,Fabric & Care, , , Shell: 74% Polyester, 10% Cotton, 9% Rayon, 7% Other Fibers, Lining: 100% Polyester , , , Machine Washable , , , Imported , ",609.20,"XS ,S ,M ,L ",Petite Belted Tweed Jacket,https://www.anntaylor.com/petite-belted-tweed-jacket/492072
"Home,>,Clothing,>,Tops and Blouses,>,Marled Tunic Tee","Ash Heather ,Black Multi , Light Blue Heather - Online Exclusive ","Perfect for mixing and matching, our marled tee is styled in a tunic length for an extra flattering effect. Jewel neck. Long sleeves. Shirttail hem., , , Relaxed fit , , Hits at hip , , , 28 3/4"" long , , Available in: Black, Blue, Grey, , ,Fabric & Care, , , 82% Rayon, 15% Polyester, 3% Spandex , , , Machine Washable , , , Imported , ",208.50,,Marled Tunic Tee,https://www.anntaylor.com/marled-tunic-tee/484157
"Home,>,Shoes,>,All Shoes,>,Reese Leather Pumps",Black ,"A sleek silhouette in rich leather makes this well-heeled pair a versatile favorite. Pointy toe. Padded footbed for complete comfort. Covered 1 3/4” heel., , Available in: Black, , ,Fabric & Care, , , Leather , , , Imported , ",599.80,,Reese Leather Pumps,https://www.anntaylor.com/reese-leather-pumps/458555
"Home,>,Clothing,>,Suits,>,The Trouser In Seasonless Stretch","Black ,Perfect Navy ","The perfect wear-with-all pants - made in seasonless stretch fabric for a refined, streamlined fit. Front zip with double hook-and-bar closure. Belt loops. Front off-seam pockets. Back besom pockets., , , Trouser: tailored and full-length , , Modern fit: lean through the hip and thigh , , , 33"" inseam , , Available in: Black, Blue, , ,Fabric & Care, , , 48% Polyester, 48% Rayon, 4% Spandex , , , Machine Washable , , , Imported , ","459.30,459.30,459.30,459.30",,The Trouser In Seasonless Stretch,https://www.anntaylor.com/the-trouser-in-seasonless-stretch/409832
"Home,>,Clothing,>,Skirts,>,Sailor Pencil Skirt",Black ,"Refined style is smooth sailing in this flattering sailor skirt, topped with gilded snaps for a nautical nod. Slash pockets. Hidden back zipper with hook-and-eye closure. Lined., , , 24"" long , , Available in: Black, , ,Fabric & Care, , , Shell: 64% Polyester, 31% Viscose, 5% Elastane, Lining: 100% Polyester , , , Machine Washable , , , Imported , ",417.10,"0 ,4 ,6 ,8 ,10 ,12 ,14 ,18 ",Sailor Pencil Skirt,https://www.anntaylor.com/sailor-pencil-skirt/485610
"Home,>,Accessories,>,Belts,>,Medium Leather Trouser Belt","Navy Blue ,Black ,Rich Cognac ","Topped with a shiny rounded buckle, our rich leather belt is a pulled-together addition to any outfit. Brushed metal prong buckle. 1"" width., , Available in: Black, Blue, Brown, , ,Fabric & Care, , , 100% Leather , , , Imported , ",ILS232,,Medium Leather Trouser Belt,https://www.anntaylor.com/medium-leather-trouser-belt/446361
"Home,>,Accessories,>,Sunglasses & Readers,>,Pantos Round Sunglasses","Navy Blue ,Tortoise Brown ,Candid Pink ,Soft Dove ","With clean rounded frames, this modern pair earns a place in the sun. 100% UV protection. California Proposition 65 , , Available in: Blue, Brown, Grey, , ,Fabric & Care, , , N/A , , , Imported , ",224.90,,Pantos Round Sunglasses,https://www.anntaylor.com/pantos-round-sunglasses/464697
"Home,>,Clothing,>,Jeans,>,Petite Curvy Performance Stretch Boot Cut Jeans in Classic Mid Indigo Wash",Classic Mid Indigo Wash ,"Designed with a touch of stretch for perfect fit, our boot cut denim jeans are the season's wear-with-all pair. Front zip with button closure. Belt loops. Classic five-pocket styling., , , Curvy fit: fuller through the hip and thigh , , 9 3/4"" rise with 29 1/2"" inseam , , Available in: Blue, , ,Fabric & Care, , , 66% Cotton, 15% Modal, 10% Lyocell, 7% Elasterell, 2% Lycra Spandex , , , Machine Washable , , , Imported , ",417.10,,Petite Curvy Performance Stretch Boot Cut Jeans in Classic Mid Indigo Wash,https://www.anntaylor.com/petite-curvy-performance-stretch-boot-cut-jeans-in-classic-mid-indigo-wash/477494
